Metric,Value
Balanced Accuracy,0.44630885062715775
ROC AUC Score,0.7665247087454232
